,p,theta,error
0,0.0,0.0,0.0
1,0.1,0.0,0.0
2,0.2,0.0,0.0
3,0.30000000000000004,0.0,0.0
4,0.4,0.0,0.0
5,0.5,0.07,0.046457167773121956
6,0.6000000000000001,0.27,0.08083613633456266
7,0.7000000000000001,0.445,0.09048752978656784
8,0.8,0.5,0.091039998077768
9,0.9,0.5,0.091039998077768
10,1.0,0.5,0.091039998077768
